Strategy,Avg N_eff,Median N_eff
KNN+MVO,2.1599128111306074,2.023823450777182
Parametric+MVO,1.7283435912918115,1.3604048754214275
