Regime,Days,Ann Mean,Ann Vol,Sharpe,Hit Rate,Max DD (within)
0,21,0.3010625391776104,0.29036833667299566,1.0368297818803096,0.6666666666666666,-0.06106670872772116
1,46,0.4248402263214421,0.13608193346619016,3.1219443720425573,0.5652173913043478,-0.02928200782779559
2,169,-0.015328234169331425,0.07967882313655801,-0.19237525814181575,0.4556213017751479,-0.0611733655290482
3,2420,0.05288977572168241,0.05448009734070457,0.9708091266967332,0.543801652892562,-0.08582971052383358
4,47,-0.3616341138479885,0.08699852496372977,-4.156784428227445,0.425531914893617,-0.08821968628796377
5,1060,0.038973826492043534,0.05597845625239646,0.6962290334752675,0.519811320754717,-0.09909230949713425
