Strategy,Avg N_eff,Median N_eff
KNN+MVO,2.235063993796677,2.063164280918244
Parametric+MVO,3.857142163350564,4.3655300955626375
