,SPX,BOND,GOLD,OIL,USD
0,0.4394086903525147,-1.5106424782660919,-1.6748623448603652,5.112238067047084,3.5089476085409332
1,0.07381350217110921,0.1756031683793775,0.05478147882563762,-1.6310900557426151,1.3866953266480626
2,3.2425707775974395,1.6316762192799794,0.9041728619767827,1.6912372185775182,-0.1344828063029016
3,0.4901422187611364,0.9985159424736102,0.38887964418247467,-0.5234513499720718,0.43318225041700664
4,3.8759398880400346,5.748290382272207,5.071862263858571,-3.2391228925715123,-7.728460157623352
5,0.623484970985385,-0.673602651251653,0.37754466820147387,0.04619567074284802,0.4790915769104006
