Strategy,Sharpe,Sortino,MaxDD
Non-Parametric (KNN+MVO),1.7561308453465927,2.207527963634141,-0.10165810564657762
Parametric (W-HMM+MVO),2.0923138251569946,2.515390299139802,-0.043625262939283094
