Strategy,Avg Daily Turnover,95% Quantile,Days >1% Turnover (%),Days >5% Turnover (%)
KNN+MVO,0.09805167816729818,0.5126872805509739,35.184693064044644,32.553813446718046
Parametric+MVO,0.0029326556070679854,0.0,0.956683497209673,0.45176720701567896
