,KNN+MVO,KNN+MVO,KNN+MVO,KNN+MVO,Parametric+MVO,Parametric+MVO,Parametric+MVO,Parametric+MVO
,Avg Wt,Wt Vol,Time>10%,Avg |Δw|,Avg Wt,Wt Vol,Time>10%,Avg |Δw|
SPX,0.24603326907814121,0.2590727766822547,0.5910178049428647,0.04196181513554794,0.01114584917673849,0.07623412405701722,0.03614137656125432,0.002492485959815719
BOND,0.19621925456801426,0.20996192533140193,0.5490300292319957,0.02207083533104348,0.02254044520987362,0.04203992705248657,0.030560722827531226,0.00016020118184757246
GOLD,0.36495256697978085,0.3150788712635127,0.7151209141642306,0.05346113677910126,0.21709729546428494,0.127211600451333,0.8735051820356099,0.0005867665053992594
OIL,0.07049166006767928,0.14217132286070458,0.21684825936752591,0.04646768097546871,0.020513423036841717,0.04332147425035967,0.10257773053414829,0.00023781896203291426
USD,0.12230324930638445,0.1929815359922054,0.3369651873505182,0.03219401553404491,0.7287029871122613,0.17304736644723964,0.9933563646027106,0.002389597698930493
