,SPX,BOND,GOLD,OIL,USD
1,0.8771426080908935,0.8634793084169773,1.9819862889725424,-0.0008303698295509149,0.3539409229098711
2,3.8897416622431447,-0.03799739049309496,0.6266853533229264,1.2922531213752368,1.2301370528376103
3,3.3085281169299727,0.7139282878843667,1.1928205015605409,-0.7660244060340493,5.515322884805809
