Strategy,Sharpe,Sortino,MaxDD
Parametric Regime Investing,2.0923138251569946,2.515390299139802,-0.043625262939283094
Equal-Weight (20%),1.5089563726428354,2.1362384499131792,-0.08349712952492333
SPX Buy & Hold,1.2617551113767453,1.6232815455491103,-0.2077036801877492
