Strategy,Sharpe,Sortino,MaxDD
Parametric Regime Investing,0.7485549800917564,0.9692518841915817,-0.11030642801820198
Equal-Weight (20%),0.3349096574524919,0.39905001157183534,-0.35405378324832
SPX Buy & Hold,0.7393325921314647,0.8865454246874613,-0.4112407514991503
